<?xml version="1.0" encoding="utf-8" ?>
<dwsync>
<file name="background.gif" server="ftp.olympe-network.com" local="128580882180000000" remote="128669249400000000" />
<file name="background_barre.gif" server="ftp.olympe-network.com" local="128580895220000000" remote="128669249400000000" />
<file name="background_textarea.gif" server="ftp.olympe-network.com" local="128580850880000000" remote="128669249400000000" />
<file name="button_redna.png" server="ftp.olympe-network.com" local="128581011960000000" remote="128669249400000000" />
<file name="button_thiweb.png" server="ftp.olympe-network.com" local="128580769220000000" remote="128669249400000000" />
<file name="button_valid.png" server="ftp.olympe-network.com" local="128580770180000000" remote="128669249400000000" />
<file name="button_zeraw.png" server="ftp.olympe-network.com" local="128580769540000000" remote="128669249400000000" />
<file name="titre.png" server="ftp.olympe-network.com" local="128669307448281248" remote="128669249400000000" />
<file name="encore_plus.png" server="ftp.olympe-network.com" local="128711696742968750" remote="128711661600000000" />
</dwsync>